idx,model,estimand,gamma_noise,mean,median,true,bias,std,RMSE,RMSE_rel,MAE,MAPE,q025,q975,covering,mean_ind_cover
35,true_net,dynamic,1.0,4.01727,3.51292,4.0092597,0.007999999,0.01213,0.01454,0.00363,0.011709999,0.0029199999,3.9934673,4.0412097,True,1.0
35,true_net,stoch,1.0,5.15682,4.98406,5.14645,0.010369999,0.01565,0.018779999,0.0036499999,0.015129999,0.00294,5.126253,5.1876,True,1.0
35,obs_net,dynamic,1.0,1.7481799,0.95272,4.0092597,-2.26108,0.17353,2.26773,0.56562,2.26108,0.56395996,1.4094455,2.0868964,False,0.012
35,obs_net,stoch,1.0,2.09916,2.06278,5.14645,-3.0472898,0.20257999,3.05402,0.59341997,3.0472898,0.59212,1.7040297,2.4955523,False,0.0
35,MWG,dynamic,1.0,0.53445,-0.13495,4.0092597,-3.47481,0.32988998,3.4904299,0.87059,3.47481,0.8667,-0.2179132,1.074672,False,0.0
35,MWG,stochastic,1.0,0.66595995,0.73437,5.14645,-4.4804897,0.41608,4.4997697,0.87434,4.4804897,0.8706,-0.3192965,1.3290793,False,0.0
35,MWG_rep,dynamic,1.0,3.41996,2.72914,4.0092597,-0.5893,0.29961,0.66108996,0.16488999,0.59567,0.14857,2.8408787,3.9973342,False,0.45799997
35,MWG_rep,stochastic,1.0,4.09627,4.04204,5.14645,-1.05018,0.42176,1.1317099,0.2199,1.05329,0.20466,3.303783,4.9515395,False,0.504
