idx,model,estimand,gamma_noise,mean,median,true,bias,std,RMSE,RMSE_rel,MAE,MAPE,q025,q975,covering,mean_ind_cover
30,true_net,dynamic,0.8,4.3269,3.8511,4.2985597,0.028339999,0.02158,0.03562,0.008289999,0.030299999,0.0070499997,4.283998,4.368346,True,1.0
30,true_net,stoch,0.8,4.71437,4.50922,4.68366,0.030709999,0.02348,0.038659997,0.00825,0.03286,0.00702,4.6677103,4.759388,True,1.0
30,obs_net,dynamic,0.8,2.21208,1.3022599,4.2985597,-2.08648,0.18053,2.09428,0.4872,2.08648,0.48538998,1.8552737,2.5567224,False,0.018
30,obs_net,stoch,0.8,2.35797,2.3373199,4.68366,-2.32568,0.18744999,2.33323,0.49815997,2.32568,0.49655,1.9849043,2.7168,False,0.0039999997
30,MWG,dynamic,0.8,-1.4477899,-1.56518,4.2985597,-5.74635,0.70732,5.78972,1.3469,5.74635,1.33681,-1.9880795,0.08500245,False,0.0
30,MWG,stochastic,0.8,-1.55054,-1.8789599,4.68366,-6.2342,0.75378996,6.2795997,1.34075,6.2342,1.3310499,-2.2030792,0.06538093,False,0.0
