idx,mean,median,true,bias,std,RMSE,RMSE_all,MAE,MAE_all,MAPE,q025,q975,covering,mean_ind_cover,method,estimand
35.0,2.808,2.808,2.779,0.029000001,0.049000002,0.08800001,0.14,0.069000006,0.108,0.323,2.7150002,2.903,1.0,1.0,Linear_oracle,dynamic
35.0,2.591,2.591,2.779,-0.18800001,0.09,0.568,0.66200006,0.26700002,0.349,0.38500002,2.4160001,2.7680001,0.0,0.99200004,GP_oracle,dynamic
35.0,2.538,2.538,2.779,-0.24100001,0.067,1.034,1.041,0.72,0.72800004,1.7,2.407,2.667,0.0,0.25,Linear_observed,dynamic
35.0,2.138,2.134,2.779,-0.64100003,0.25100002,1.649,1.756,1.042,1.159,1.4310001,1.6520001,2.637,0.0,0.66,GP_observed,dynamic
35.0,2.7180002,2.719,2.779,-0.061000004,0.064,0.62700003,0.707,0.483,0.549,0.95100003,2.594,2.8460002,1.0,0.67600006,Linear_3S,dynamic
35.0,2.6200001,2.638,2.779,-0.15900001,0.19000001,0.99100006,1.2440001,0.615,0.80600005,1.5450001,2.161,2.927,1.0,0.906,GP_3S,dynamic
35.0,2.755,2.756,2.779,-0.024,0.051000003,0.514,0.527,0.411,0.42200002,0.795,2.653,2.8560002,1.0,0.30600002,Linear_1S,dynamic
35.0,2.634,2.634,2.779,-0.14500001,0.101,0.86200005,0.998,0.512,0.61200005,0.929,2.437,2.831,1.0,0.772,GP_1S,dynamic
