idx,model,estimand,gamma_noise,mean,median,true,bias,std,RMSE,RMSE_rel,MAE,MAPE,q025,q975,covering,mean_ind_cover
10,true_net,dynamic,0.4,4.32721,3.8513,4.2985597,0.028649999,0.02172,0.035949998,0.008359999,0.030359998,0.0070599997,4.285882,4.370666,True,1.0
10,true_net,stoch,0.4,4.7146997,4.50943,4.68366,0.031049998,0.02362,0.03901,0.00833,0.032929998,0.00703,4.6697555,4.761988,True,1.0
10,obs_net,dynamic,0.4,4.3007097,3.63113,4.2985597,0.0021499998,0.21592,0.21593,0.05023,0.17109999,0.0398,3.873538,4.726282,True,0.454
10,obs_net,stoch,0.4,4.59454,4.54589,4.68366,-0.08912,0.22872,0.24546999,0.05241,0.19615999,0.04188,4.141818,5.0457826,True,0.56799996
10,MWG,dynamic,0.4,-3.65514,-4.4785,4.2985597,-7.9536996,0.01176,7.9537096,1.85032,7.9537096,1.85032,-3.671895,-3.6370628,False,0.0
10,MWG,stochastic,0.4,-4.01092,-4.16931,4.68366,-8.69457,0.18969999,8.69664,1.85681,8.69457,1.85636,-4.369461,-3.754922,False,0.0
