idx,model,estimand,gamma_noise,mean,median,true,bias,std,RMSE,RMSE_rel,MAE,MAPE,q025,q975,covering,mean_ind_cover,w_dist
0_0,true_net,dynamic,3.0,3.5283399,3.07843,3.51686,0.011469999,0.01793,0.021289999,0.00605,0.01267,0.0044199997,3.4933095,3.564229,True,1.0,0.27145404
0_0,true_net,stoch,3.0,5.2575397,5.06097,5.23951,0.018029999,0.016859999,0.02468,0.00471,0.018029999,0.00339,5.2245083,5.2903686,True,1.0,0.27145404
0_0,obs_net,dynamic,3.0,1.00544,0.93327,3.51686,-2.51142,0.28293,2.52731,0.71862996,2.51142,0.79241997,0.43384928,1.5427122,False,0.912,6.8079543
0_0,obs_net,stoch,3.0,1.39972,1.40072,5.23951,-3.8397899,0.30467,3.8518598,0.73516,3.8397899,0.72726,0.78394574,1.9872582,False,0.0,6.8079543
0_0,MWG,dynamic,3.0,nan,nan,3.51686,nan,nan,nan,nan,nan,nan,nan,nan,False,0.0,11.787755
0_0,MWG,stoch,3.0,nan,nan,5.23951,nan,nan,nan,nan,nan,nan,nan,nan,False,0.0,11.787755
0_0,MWG_rep,dynamic,3.0,3.21621,3.09933,3.51686,-0.30065,0.12684,0.32630998,0.092779994,0.74085,0.2574,2.9286382,3.4323316,False,0.99399996,2.1689155
0_0,MWG_rep,stoch,3.0,4.6655297,4.53498,5.23951,-0.57398,0.1249,0.58741,0.11211,0.70747,0.13267,4.435521,4.9005136,False,0.392,2.1689155
